CustomerID,Age,Income,LoanAmount,LoanTenure,CreditScore,ExistingLoansCount,MonthlyEMI,TotalAssets,TotalLiabilities,NetMonthlyIncome,EmploymentType,MaritalStatus,EducationLevel,PropertyOwnership,LoanPurpose,RiskFlag
CUST00000,25,1004643,3906031,7,890,1,46500,4601552,1377315,83720,Business Owner,Married,High School,Mortgaged,Medical,0
CUST00001,55,2091786,3708262,26,756,1,11885,2668454,1034902,174315,Self-Employed,Married,Post-Graduate,Mortgaged,Medical,0
CUST00002,50,173303,716033,14,690,3,4262,1366886,6969294,14441,Salaried,Married,Post-Graduate,Rented,Education,1
CUST00003,40,2255977,4138971,21,841,1,16424,547213,2201220,187998,Salaried,Married,Post-Graduate,Rented,Business,0
CUST00004,40,1425643,2703536,12,609,5,18774,184958,6127139,118803,Self-Employed,Married,High School,Rented,Education,1
CUST00005,58,479585,1649262,6,732,2,22906,4866764,1109235,39965,Salaried,Married,Graduate,Mortgaged,Medical,0
CUST00006,25,860121,2595403,11,470,5,19662,989427,2244311,71676,Salaried,Single,Graduate,Rented,Car,1
CUST00007,51,1451984,4836568,3,877,4,134349,9597390,2268166,120998,Salaried,Married,High School,Owned,Car,0
CUST00008,30,891876,4294982,23,674,2,15561,2522996,2248833,74323,Self-Employed,Single,Graduate,Rented,Personal,1
CUST00009,26,405152,4176807,6,769,1,58011,6559940,5397892,33762,Business Owner,Single,Graduate,Rented,Personal,1
CUST00010,44,1715073,2340856,11,576,4,17733,6767533,7315111,142922,Self-Employed,Married,Post-Graduate,Owned,Medical,1
CUST00011,63,1729764,3931482,29,820,1,11297,5005514,7282615,144147,Salaried,Married,Graduate,Rented,Car,0
CUST00012,53,429354,1956193,18,344,1,9056,8847764,5932402,35779,Salaried,Divorced,Post-Graduate,Owned,Business,1
CUST00013,54,810899,3446519,14,368,5,20514,1195851,1620179,67574,Salaried,Single,Graduate,Mortgaged,Car,1
CUST00014,52,723102,3215838,16,604,2,16749,2416913,7684640,60258,Salaried,Single,Post-Graduate,Owned,Personal,1
CUST00015,55,1699643,1286503,23,739,0,4661,2599119,4336632,141636,Self-Employed,Widowed,Graduate,Owned,Business,0
CUST00016,44,1866194,1368993,8,785,2,14260,1440602,4367735,155516,Self-Employed,Single,Graduate,Owned,Personal,0
CUST00017,27,1858437,352609,19,564,2,1546,3018262,5611128,154869,Salaried,Single,Graduate,Owned,Medical,0
CUST00018,58,2356088,741853,26,689,5,2377,3195603,6152763,196340,Salaried,Single,Post-Graduate,Owned,Business,0
CUST00019,41,1956321,2196412,17,631,4,10766,7671555,7623379,163026,Salaried,Married,Graduate,Owned,Business,0
CUST00020,43,903596,2415492,13,876,1,15483,3086102,4659036,75299,Business Owner,Divorced,Graduate,Owned,Education,0
CUST00021,37,403191,867347,5,692,0,14455,8779436,4880483,33599,Self-Employed,Married,Graduate,Owned,Education,0
CUST00022,29,1594410,2113602,8,550,3,22016,7749473,5964222,132867,Salaried,Married,Post-Graduate,Rented,Car,0
CUST00023,61,2302627,3040678,28,881,0,9049,9026254,2040855,191885,Business Owner,Single,High School,Rented,Personal,0
CUST00024,55,2441615,1201221,16,364,1,6256,1141723,2461702,203467,Salaried,Married,Graduate,Rented,Business,0
CUST00025,49,691002,1724272,9,890,0,15965,9847229,5003825,57583,Salaried,Married,Graduate,Rented,Education,0
CUST00026,39,705670,1869183,13,392,0,11981,6178232,513026,58805,Unemployed,Single,Post-Graduate,Owned,Education,0
CUST00027,57,237919,2550016,17,472,5,12500,9825430,2563929,19826,Salaried,Single,Graduate,Owned,Home,1
CUST00028,45,481966,1863642,16,792,0,9706,3612938,5743966,40163,Salaried,Single,Graduate,Owned,Education,0
CUST00029,41,1453903,3697875,21,740,0,14674,9534691,7809027,121158,Self-Employed,Single,Doctorate,Mortgaged,Car,0
CUST00030,41,1434987,1671103,8,882,5,17407,5927195,4155970,119582,Salaried,Married,Graduate,Mortgaged,Business,0
CUST00031,31,1021667,2197788,19,749,1,9639,811039,3197409,85138,Self-Employed,Married,High School,Mortgaged,Personal,0
CUST00032,25,878395,1928347,13,682,4,12361,4160232,3523011,73199,Salaried,Single,Graduate,Rented,Home,1
CUST00033,45,2100005,955433,28,507,0,2843,1464156,5483421,175000,Salaried,Married,High School,Rented,Home,0
CUST00034,60,1231079,3444429,5,302,0,57407,9418669,4355800,102589,Salaried,Married,High School,Rented,Business,0
CUST00035,24,2049390,1215458,5,374,0,20257,3114218,185820,170782,Salaried,Married,Graduate,Mortgaged,Business,0
CUST00036,58,2413547,1519538,14,478,4,9044,2301375,4313919,201128,Salaried,Married,Post-Graduate,Mortgaged,Medical,1
CUST00037,57,895276,3974122,15,324,3,22078,5573692,3200491,74606,Salaried,Married,Post-Graduate,Mortgaged,Home,1
CUST00038,33,626435,4746846,21,604,2,18836,4309098,5606413,52202,Business Owner,Married,High School,Mortgaged,Home,1
CUST00039,49,2389313,3370673,12,766,1,23407,1060081,7000860,199109,Salaried,Single,Graduate,Rented,Car,1
CUST00040,29,1641853,4585922,27,877,0,14154,8183291,7699587,136821,Salaried,Married,High School,Mortgaged,Medical,0
CUST00041,54,833656,4278243,14,593,3,25465,8473389,4881819,69471,Salaried,Single,Doctorate,Mortgaged,Medical,0
CUST00042,52,1611370,2430506,4,825,1,50635,7455325,2900497,134280,Salaried,Married,High School,Rented,Business,0
CUST00043,37,1360384,3862936,4,891,3,80477,6205886,3551543,113365,Salaried,Married,Graduate,Mortgaged,Home,0
CUST00044,24,2278000,1675387,29,815,4,4814,4085321,1411692,189833,Self-Employed,Single,Graduate,Owned,Home,0
CUST00045,63,751517,2329460,4,578,5,48530,5469407,7487499,62626,Salaried,Married,Graduate,Mortgaged,Business,1
CUST00046,41,2479749,2700402,28,495,2,8036,5257864,6778492,206645,Business Owner,Single,Graduate,Mortgaged,Business,0
CUST00047,60,2349702,4804440,9,886,0,44485,1736582,6831875,195808,Unemployed,Single,Post-Graduate,Owned,Medical,0
CUST00048,51,574649,4250374,3,445,1,118065,909951,2624987,47887,Salaried,Single,Graduate,Rented,Home,1
CUST00049,55,536828,2471802,9,546,5,22887,2607229,2577725,44735,Salaried,Married,Post-Graduate,Owned,Home,1
CUST00050,54,1402918,3280307,18,344,3,15186,4597901,6852906,116909,Salaried,Single,Graduate,Mortgaged,Home,1
CUST00051,30,255539,1051664,13,776,3,6741,1687089,4356387,21294,Self-Employed,Married,Post-Graduate,Mortgaged,Medical,1
CUST00052,37,852175,4031739,23,689,2,14607,1156008,5637249,71014,Salaried,Single,Post-Graduate,Rented,Business,1
CUST00053,42,1172478,2787537,18,350,0,12905,8534138,3918594,97706,Business Owner,Married,Doctorate,Mortgaged,Personal,0
CUST00054,43,2428027,2686975,12,433,5,18659,3812467,3542161,202335,Self-Employed,Divorced,Graduate,Owned,Car,0
CUST00055,23,2482082,3843103,19,633,4,16855,5883855,6503848,206840,Business Owner,Married,Graduate,Owned,Medical,0
CUST00056,45,506118,3182942,29,624,5,9146,5287879,2672890,42176,Salaried,Married,Graduate,Rented,Home,1
CUST00057,28,2245441,408712,12,781,5,2838,7377781,6473161,187120,Unemployed,Divorced,Graduate,Owned,Medical,0
CUST00058,53,363682,1476370,5,459,1,24606,7424140,1953640,30306,Salaried,Widowed,Graduate,Rented,Business,0
CUST00059,51,1909228,924758,12,854,1,6421,3030725,3222620,159102,Salaried,Married,Doctorate,Owned,Medical,0
CUST00060,61,2137260,3687721,25,566,1,12292,8494283,7301374,178105,Salaried,Divorced,Doctorate,Rented,Business,0
CUST00061,54,2243362,223978,7,793,5,2666,3775401,7635625,186946,Unemployed,Divorced,Graduate,Rented,Personal,0
CUST00062,37,675032,1051902,28,443,3,3130,8368542,7390995,56252,Self-Employed,Married,Graduate,Mortgaged,Education,1
CUST00063,63,2249599,3007352,18,322,2,13922,4108064,2528352,187466,Business Owner,Married,Post-Graduate,Owned,Car,1
CUST00064,39,422555,3489250,18,333,5,16153,1198841,6746583,35212,Salaried,Single,Doctorate,Mortgaged,Business,1
CUST00065,36,1369317,2541359,10,523,3,21177,7624148,7488698,114109,Unemployed,Single,Graduate,Rented,Medical,0
CUST00066,60,1253431,4310559,27,871,5,13304,398597,7825635,104452,Salaried,Married,Graduate,Rented,Car,1
CUST00067,37,892433,4598753,2,329,5,191614,7746294,167227,74369,Salaried,Married,Post-Graduate,Rented,Business,1
CUST00068,25,201968,703909,9,521,0,6517,527310,5959932,16830,Unemployed,Married,Graduate,Rented,Home,1
CUST00069,42,1964229,4764929,13,365,2,30544,2147453,7973965,163685,Salaried,Married,Graduate,Owned,Personal,1
CUST00070,56,938621,3091179,14,858,4,18399,6073310,6117337,78218,Salaried,Married,Doctorate,Rented,Car,0
CUST00071,30,1704903,3199284,14,705,4,19043,9421234,1865395,142075,Self-Employed,Married,Doctorate,Owned,Personal,0
CUST00072,41,1114016,520723,5,757,0,8678,4143929,6100720,92834,Salaried,Single,Post-Graduate,Rented,Education,0
CUST00073,27,1028095,3128265,7,727,1,37241,1294487,841953,85674,Salaried,Single,Post-Graduate,Rented,Education,0
CUST00074,51,2232795,3642292,3,694,3,101174,2405799,3844861,186066,Salaried,Married,Graduate,Rented,Medical,1
CUST00075,42,371996,2924916,17,764,4,14337,8971608,5009820,30999,Salaried,Married,Graduate,Mortgaged,Medical,1
CUST00076,36,1881050,468241,11,304,0,3547,7294684,3651617,156754,Business Owner,Widowed,Graduate,Owned,Education,0
CUST00077,31,1904955,2639975,17,819,3,12941,1093916,5598668,158746,Self-Employed,Divorced,Graduate,Mortgaged,Business,1
CUST00078,46,1042979,4682902,18,743,1,21680,3910482,1921810,86914,Salaried,Divorced,Graduate,Mortgaged,Education,0
CUST00079,50,766782,3630911,21,743,1,14408,2718944,4849764,63898,Salaried,Single,Graduate,Mortgaged,Home,0
CUST00080,62,162471,730169,16,536,3,3802,1860536,5158553,13539,Salaried,Married,Graduate,Mortgaged,Home,1
CUST00081,40,2351510,4801695,19,780,2,21060,8480137,5070368,195959,Self-Employed,Single,Post-Graduate,Owned,Car,0
CUST00082,28,2377168,4796457,18,529,3,22205,6215345,2314561,198097,Unemployed,Married,Graduate,Rented,Medical,1
CUST00083,57,716280,888507,19,329,1,3896,1876971,2443053,59690,Unemployed,Divorced,Graduate,Owned,Personal,0
CUST00084,49,224990,4014376,18,844,4,18585,6541881,2062467,18749,Salaried,Single,High School,Mortgaged,Education,1
CUST00085,52,438481,2063249,10,440,0,17193,4194322,3694216,36540,Salaried,Married,High School,Rented,Education,1
CUST00086,26,308960,2988725,8,361,5,31132,708619,4687690,25746,Salaried,Single,Post-Graduate,Owned,Business,1
CUST00087,35,2103114,2253672,23,673,0,8165,4553607,2900288,175259,Self-Employed,Single,Graduate,Mortgaged,Personal,0
CUST00088,55,2245991,3923989,10,440,4,32699,1933795,3279859,187165,Salaried,Single,Graduate,Owned,Home,1
CUST00089,57,510218,4983466,16,814,2,25955,2528063,2291291,42518,Self-Employed,Single,Post-Graduate,Rented,Home,1
CUST00090,40,1904837,3985818,6,566,2,55358,8802079,1750852,158736,Self-Employed,Divorced,Graduate,Rented,Education,0
CUST00091,56,571280,4660288,13,302,0,29873,7131427,5259505,47606,Salaried,Married,High School,Owned,Education,1
CUST00092,58,1012941,4732833,16,871,4,24650,1427504,6528448,84411,Salaried,Married,Graduate,Rented,Business,1
CUST00093,38,1558549,496021,19,608,0,2175,8528213,2325635,129879,Salaried,Married,High School,Mortgaged,Personal,0
CUST00094,60,1841827,1304247,16,457,3,6792,5785642,6884559,153485,Salaried,Single,Post-Graduate,Owned,Medical,0
CUST00095,34,2205220,3623190,11,706,4,27448,8758293,4567825,183768,Salaried,Single,Graduate,Rented,Personal,1
CUST00096,32,255244,2970875,28,618,5,8841,7496046,1341596,21270,Self-Employed,Married,High School,Owned,Education,1
CUST00097,51,611621,298223,15,317,4,1656,3459289,2927992,50968,Salaried,Single,High School,Rented,Personal,1
CUST00098,49,809195,520493,24,755,1,1807,5395197,60056,67432,Salaried,Divorced,Graduate,Owned,Personal,0
CUST00099,28,879260,2626709,22,540,4,9949,5355418,313356,73271,Self-Employed,Single,High School,Mortgaged,Medical,0
CUST00100,57,2495365,3100020,17,719,4,15196,7227421,2689039,207947,Self-Employed,Married,Post-Graduate,Mortgaged,Car,0
CUST00101,30,1976901,880210,26,837,1,2821,2559223,3635699,164741,Salaried,Married,High School,Owned,Personal,0
CUST00102,56,902980,897891,4,666,0,18706,3397574,6380086,75248,Business Owner,Single,Graduate,Rented,Car,0
CUST00103,22,2433792,690234,27,702,5,2130,2523485,1074419,202816,Unemployed,Single,Graduate,Rented,Medical,0
CUST00104,56,1323371,2846505,25,452,0,9488,3031814,6713390,110280,Self-Employed,Widowed,Graduate,Rented,Medical,0
CUST00105,55,1326741,88875,15,442,3,493,1696415,1876182,110561,Self-Employed,Single,High School,Rented,Personal,1
CUST00106,55,1169192,2883531,22,549,1,10922,461809,1106632,97432,Salaried,Married,Post-Graduate,Owned,Business,0
CUST00107,50,488159,2405846,16,811,0,12530,9406188,5599141,40679,Unemployed,Married,Post-Graduate,Owned,Personal,0
CUST00108,42,2345775,2356626,8,614,4,24548,835722,6194687,195481,Salaried,Single,High School,Mortgaged,Home,1
CUST00109,52,182750,3412417,24,508,0,11848,8891089,4839297,15229,Unemployed,Married,High School,Rented,Personal,1
CUST00110,33,559554,2637027,8,767,4,27469,130470,925633,46629,Self-Employed,Married,Post-Graduate,Mortgaged,Medical,1
CUST00111,55,689691,3652356,10,812,4,30436,7795851,922757,57474,Salaried,Married,Graduate,Rented,Home,1
CUST00112,45,806349,3831420,16,841,0,19955,3351201,3120500,67195,Salaried,Married,High School,Mortgaged,Home,0
CUST00113,41,459782,4604582,25,479,1,15348,5224849,3604800,38315,Self-Employed,Single,Graduate,Owned,Car,1
CUST00114,43,192209,4006261,12,725,4,27821,2893986,7988876,16017,Self-Employed,Single,Post-Graduate,Owned,Business,1
CUST00115,46,1742497,2612645,15,654,3,14514,4957018,2291800,145208,Salaried,Married,Post-Graduate,Mortgaged,Personal,0
CUST00116,23,2427878,2486158,2,569,0,103589,4570463,1540726,202323,Self-Employed,Widowed,Graduate,Mortgaged,Business,0
CUST00117,28,436306,1216757,4,538,5,25349,5344482,7567210,36358,Business Owner,Single,Doctorate,Rented,Business,1
CUST00118,32,846857,3017987,2,368,1,125749,3993499,1231708,70571,Salaried,Single,Graduate,Rented,Personal,0
CUST00119,26,1339875,738720,3,464,0,20520,5412023,211220,111656,Salaried,Married,Graduate,Rented,Medical,0
CUST00120,40,2329630,4659619,26,629,5,14934,8272037,3382402,194135,Salaried,Married,Graduate,Rented,Car,1
CUST00121,50,1781516,4232969,25,831,0,14109,4402174,3208653,148459,Self-Employed,Single,Graduate,Owned,Home,0
CUST00122,50,1950542,642681,24,819,3,2231,3677614,4957348,162545,Salaried,Married,Graduate,Mortgaged,Education,0
CUST00123,42,1515624,3940481,2,412,5,164186,1404372,7021877,126302,Business Owner,Married,High School,Owned,Personal,1
CUST00124,58,1130034,629662,3,707,3,17490,3661206,7463206,94169,Salaried,Married,Graduate,Rented,Car,0
CUST00125,46,619472,3620064,9,350,3,33519,1344072,2317111,51622,Self-Employed,Single,Post-Graduate,Owned,Car,1
CUST00126,25,2181138,484159,17,705,2,2373,1906777,7846569,181761,Salaried,Single,High School,Owned,Home,0
CUST00127,54,2039692,2466557,10,505,0,20554,9527272,5061288,169974,Salaried,Married,Graduate,Rented,Medical,0
CUST00128,46,208988,3306423,15,569,3,18369,985203,557125,17415,Self-Employed,Married,Graduate,Rented,Business,1
CUST00129,49,1831206,3657613,6,730,5,50800,4872104,7507571,152600,Salaried,Divorced,Graduate,Rented,Medical,1
CUST00130,46,348312,2122111,22,554,0,8038,8359573,1103980,29026,Salaried,Married,Post-Graduate,Owned,Education,1
CUST00131,45,1886612,4612036,10,784,5,38433,9536734,4708765,157217,Unemployed,Married,Post-Graduate,Mortgaged,Personal,1
CUST00132,25,2090991,3882891,2,620,2,161787,1552467,6325903,174249,Unemployed,Widowed,Post-Graduate,Rented,Business,0
CUST00133,46,457985,1080910,22,899,3,4094,1719411,1995505,38165,Business Owner,Married,High School,Mortgaged,Personal,0
CUST00134,56,1169514,3372595,27,682,0,10409,3788709,2165057,97459,Salaried,Married,Graduate,Owned,Car,0
CUST00135,35,440821,3666146,1,477,3,305512,5588723,3809416,36735,Self-Employed,Divorced,Graduate,Rented,Education,1
CUST00136,47,1483113,1701506,13,765,1,10907,9602095,7078792,123592,Business Owner,Single,Graduate,Rented,Medical,0
CUST00137,23,2329771,3704245,24,544,1,12861,2156400,1788826,194147,Salaried,Married,High School,Rented,Education,0
CUST00138,36,340043,4496914,21,620,4,17844,1727511,5307626,28336,Salaried,Married,Graduate,Owned,Business,1
CUST00139,40,1084308,4094715,25,382,0,13649,2606527,3620733,90359,Business Owner,Single,Graduate,Owned,Business,1
CUST00140,64,2436833,3824534,13,371,2,24516,8755762,894758,203069,Salaried,Married,Graduate,Rented,Home,0
CUST00141,31,857229,3190762,11,644,3,24172,397540,5687014,71435,Self-Employed,Single,High School,Owned,Medical,1
CUST00142,33,460709,1389147,21,412,0,5512,3863321,6660234,38392,Unemployed,Single,Post-Graduate,Rented,Education,0
CUST00143,39,1298172,3986353,5,898,1,66439,1277637,4605072,108181,Self-Employed,Married,Post-Graduate,Owned,Personal,0
CUST00144,64,1344675,1852750,7,813,2,22056,1655021,1410851,112056,Salaried,Single,Graduate,Owned,Car,0
CUST00145,58,1707730,2684374,18,720,3,12427,9176799,1245805,142310,Salaried,Married,Post-Graduate,Rented,Education,0
CUST00146,23,887283,1606477,20,740,5,6693,116449,3387963,73940,Salaried,Divorced,High School,Rented,Car,1
CUST00147,32,2395714,1599434,4,657,5,33321,3283176,4051350,199642,Salaried,Married,Post-Graduate,Rented,Home,0
CUST00148,57,1374403,830177,15,336,1,4612,9162702,4417479,114533,Self-Employed,Single,Doctorate,Rented,Medical,0
CUST00149,24,823148,4808423,11,535,0,36427,6120479,1949247,68595,Business Owner,Single,High School,Mortgaged,Home,0
CUST00150,58,2406668,781527,15,597,0,4341,810376,4006129,200555,Salaried,Single,Post-Graduate,Rented,Education,0
CUST00151,34,2323299,476981,28,849,3,1419,4703639,2360632,193608,Salaried,Single,Doctorate,Rented,Car,0
CUST00152,61,1323037,4683830,3,431,0,130106,9712365,5489303,110253,Business Owner,Divorced,Post-Graduate,Mortgaged,Home,0
CUST00153,34,208419,2797315,29,598,1,8038,4064467,6371792,17368,Salaried,Married,Doctorate,Rented,Education,1
CUST00154,40,1552799,2217624,14,506,5,13200,5333449,5221493,129399,Salaried,Single,Graduate,Mortgaged,Business,1
CUST00155,50,1454715,3700582,23,380,5,13407,5365672,9978,121226,Salaried,Married,High School,Mortgaged,Business,1
CUST00156,27,498289,1947433,13,361,5,12483,6638426,7936336,41524,Self-Employed,Married,Post-Graduate,Owned,Education,1
CUST00157,45,1639841,683212,10,519,1,5693,1953665,190140,136653,Salaried,Single,Graduate,Rented,Personal,0
CUST00158,43,2125864,3661944,23,349,3,13267,8412876,7995375,177155,Self-Employed,Single,Graduate,Rented,Business,1
CUST00159,55,398858,921197,20,340,3,3838,9887178,254195,33238,Salaried,Married,Graduate,Mortgaged,Car,0
CUST00160,64,1849808,2787315,5,510,1,46455,1511279,4131675,154150,Self-Employed,Married,Graduate,Rented,Business,0
CUST00161,50,479798,4747877,21,421,3,18840,8201247,847767,39983,Salaried,Single,High School,Owned,Home,1
CUST00162,39,1909741,4683892,22,632,3,17742,8187405,761592,159145,Salaried,Divorced,Post-Graduate,Rented,Car,0
CUST00163,39,1134918,1835875,12,310,2,12749,7441984,5467166,94576,Salaried,Divorced,High School,Owned,Education,0
CUST00164,39,165300,3912492,27,481,4,12075,3771678,5822746,13775,Salaried,Married,Post-Graduate,Mortgaged,Home,1
CUST00165,57,2420644,3082745,19,571,4,13520,4740717,945893,201720,Salaried,Single,Post-Graduate,Rented,Medical,0
CUST00166,35,540030,2422879,10,877,3,20190,8408192,7813312,45002,Salaried,Single,Graduate,Rented,Business,0
CUST00167,29,576450,742644,1,680,4,61887,1613483,2563691,48037,Salaried,Divorced,Graduate,Mortgaged,Education,0
CUST00168,36,2342604,1912979,20,828,4,7970,8304575,2546611,195217,Salaried,Single,Graduate,Rented,Business,0
CUST00169,22,1885065,3276994,7,505,3,39011,9214591,2375818,157088,Unemployed,Married,Doctorate,Rented,Medical,0
CUST00170,26,2040248,4933826,22,569,1,18688,6850500,3689671,170020,Salaried,Married,Post-Graduate,Mortgaged,Medical,0
CUST00171,25,1165387,74208,16,552,4,386,3479731,1422673,97115,Business Owner,Single,Graduate,Mortgaged,Medical,0
CUST00172,55,1248346,3602913,14,832,4,21445,5635595,3398215,104028,Unemployed,Married,High School,Mortgaged,Personal,0
CUST00173,53,1640607,4239367,5,875,5,70656,596056,1679850,136717,Salaried,Divorced,Graduate,Owned,Home,1
CUST00174,51,1994194,4758413,21,877,0,18882,9324857,411353,166182,Self-Employed,Married,Graduate,Rented,Business,0
CUST00175,41,2140401,2147828,5,751,2,35797,3489796,2949894,178366,Business Owner,Married,Doctorate,Owned,Personal,0
CUST00176,52,191916,636468,13,601,5,4079,665273,5378115,15993,Self-Employed,Divorced,Post-Graduate,Mortgaged,Business,1
CUST00177,28,1709369,1391287,25,624,3,4637,7965124,6104718,142447,Salaried,Married,Graduate,Rented,Business,0
CUST00178,60,406488,4260141,27,888,5,13148,6609826,2826701,33874,Salaried,Married,Post-Graduate,Rented,Car,1
CUST00179,43,826639,4395777,29,470,0,12631,6264816,2589970,68886,Salaried,Married,Graduate,Owned,Education,0
CUST00180,62,2099157,3203515,28,508,0,9534,635557,6299710,174929,Salaried,Married,Post-Graduate,Rented,Car,1
CUST00181,28,738705,657565,17,838,4,3223,7533301,5449506,61558,Unemployed,Single,Graduate,Rented,Home,0
CUST00182,43,2022520,653512,6,531,2,9076,6409442,6656960,168543,Unemployed,Single,Graduate,Owned,Business,0
CUST00183,51,1238068,2416951,25,441,3,8056,7956990,7248811,103172,Salaried,Single,Post-Graduate,Owned,Business,1
CUST00184,43,696705,2961877,24,636,2,10284,8290567,6569846,58058,Self-Employed,Married,Graduate,Mortgaged,Business,1
CUST00185,41,935473,210274,29,495,2,604,2198350,7491885,77956,Salaried,Married,Post-Graduate,Mortgaged,Business,0
CUST00186,29,1397308,3446177,19,834,5,15114,2185333,3333327,116442,Business Owner,Married,Doctorate,Owned,Personal,1
CUST00187,38,1948095,2745324,5,845,0,45755,9245454,3157374,162341,Salaried,Married,High School,Owned,Personal,0
CUST00188,32,1574137,110898,15,483,4,616,5357164,2572365,131178,Unemployed,Married,High School,Mortgaged,Business,0
CUST00189,34,2343076,523603,13,617,5,3356,4436097,1881780,195256,Business Owner,Divorced,Post-Graduate,Rented,Personal,0
CUST00190,51,2189186,2298873,25,890,3,7662,2943296,5990566,182432,Salaried,Single,Graduate,Rented,Personal,0
CUST00191,49,1920380,3626797,12,745,2,25186,6426235,5715610,160031,Salaried,Married,High School,Rented,Car,0
CUST00192,48,1567301,4135727,10,429,0,34464,7564189,6411115,130608,Business Owner,Married,Graduate,Owned,Medical,0
CUST00193,37,831161,2184942,3,654,4,60692,122856,1339127,69263,Salaried,Married,Post-Graduate,Owned,Medical,1
CUST00194,63,1119543,1512027,25,671,2,5040,5571116,3930059,93295,Salaried,Single,Graduate,Rented,Medical,0
CUST00195,25,429401,4843136,22,692,0,18345,9934348,1775671,35783,Business Owner,Married,Graduate,Owned,Education,1
CUST00196,36,1029332,2319813,2,315,2,96658,2878336,7144248,85777,Self-Employed,Widowed,Post-Graduate,Owned,Car,1
CUST00197,27,2327209,1611179,13,479,5,10328,2880874,2139289,193934,Salaried,Married,Graduate,Rented,Home,1
CUST00198,36,1150822,2239454,14,812,1,13330,8793492,1151269,95901,Salaried,Divorced,Post-Graduate,Mortgaged,Personal,0
CUST00199,63,417262,109853,14,444,1,653,714424,4558913,34771,Salaried,Widowed,Graduate,Mortgaged,Medical,1
CUST00200,37,1682037,1544540,27,479,4,4767,4035459,7032550,140169,Unemployed,Married,Doctorate,Rented,Medical,1
CUST00201,61,2412144,2601994,5,493,1,43366,4636794,7325848,201012,Salaried,Married,Post-Graduate,Rented,Business,0
CUST00202,43,2188602,4596287,9,406,5,42558,7999005,768761,182383,Salaried,Married,High School,Rented,Education,1
CUST00203,52,794079,3704219,6,393,5,51447,1377397,2607147,66173,Salaried,Widowed,Post-Graduate,Rented,Medical,1
CUST00204,41,1216657,3917405,8,508,5,40806,4397182,1228204,101388,Unemployed,Single,Graduate,Rented,Medical,1
CUST00205,33,1397888,2747263,27,824,5,8479,1608034,2462926,116490,Salaried,Married,High School,Rented,Car,0
CUST00206,54,732422,597412,28,300,1,1778,7897590,4270720,61035,Business Owner,Divorced,High School,Rented,Business,0
CUST00207,63,781426,1985086,2,469,1,82711,6359599,2244574,65118,Self-Employed,Single,Post-Graduate,Mortgaged,Home,0
CUST00208,33,706156,4985321,19,336,2,21865,5017707,540147,58846,Business Owner,Married,High School,Mortgaged,Personal,1
CUST00209,55,2487266,268646,7,636,2,3198,3989981,4080238,207272,Unemployed,Married,Graduate,Owned,Business,0
CUST00210,33,1903133,4402040,6,450,5,61139,1616425,422456,158594,Business Owner,Widowed,High School,Rented,Personal,1
CUST00211,52,2126012,3438253,9,775,4,31835,9226339,1813568,177167,Unemployed,Divorced,Graduate,Owned,Business,0
CUST00212,55,2068936,1455346,6,651,3,20213,6511848,4149,172411,Salaried,Single,Graduate,Rented,Home,0
CUST00213,41,2403987,3901043,15,770,5,21672,3259649,694573,200332,Self-Employed,Married,Graduate,Owned,Personal,0
CUST00214,53,397403,4192638,29,680,3,12047,4197976,3490533,33116,Salaried,Single,Graduate,Owned,Medical,1
CUST00215,33,2221836,263934,18,563,2,1221,7289183,6805708,185153,Salaried,Married,High School,Mortgaged,Personal,0
CUST00216,25,306413,576776,21,816,2,2288,7223690,6196991,25534,Business Owner,Married,Graduate,Rented,Business,0
CUST00217,26,1267239,3345460,15,585,3,18585,4664884,790645,105603,Unemployed,Married,Graduate,Mortgaged,Education,0
CUST00218,41,1546919,4995568,1,869,0,416297,3098713,278706,128909,Self-Employed,Single,Post-Graduate,Owned,Medical,0
CUST00219,60,990973,168634,3,896,4,4684,6633517,2704698,82581,Salaried,Single,High School,Owned,Education,0
CUST00220,27,493507,3345139,8,653,3,34845,6616505,5218060,41125,Salaried,Married,High School,Rented,Business,1
CUST00221,41,601908,725796,8,704,4,7560,6036984,5973860,50159,Salaried,Married,Graduate,Owned,Home,0
CUST00222,52,2087960,3268118,25,453,3,10893,821236,6585018,173996,Salaried,Married,Graduate,Owned,Car,1
CUST00223,30,899001,3135408,25,788,4,10451,4780561,1344006,74916,Salaried,Single,Graduate,Mortgaged,Home,0
CUST00224,53,879286,497681,25,702,5,1658,6177799,210783,73273,Salaried,Single,Post-Graduate,Owned,Medical,0
CUST00225,35,2319900,3419604,19,841,3,14998,9505604,1174909,193325,Salaried,Divorced,Graduate,Owned,Car,0
CUST00226,56,488099,4490315,17,460,2,22011,5303074,521293,40674,Self-Employed,Single,Graduate,Rented,Car,1
CUST00227,46,2300877,4324046,19,772,0,18965,3492865,6886407,191739,Salaried,Married,Graduate,Rented,Business,0
CUST00228,45,2314280,193547,12,582,4,1344,5602351,2147306,192856,Unemployed,Divorced,High School,Rented,Education,0
CUST00229,29,1556615,1267286,20,411,5,5280,1854631,6584996,129717,Self-Employed,Single,Graduate,Rented,Home,1
CUST00230,41,538999,1242098,24,402,4,4312,997884,4425271,44916,Salaried,Married,Graduate,Mortgaged,Home,1
CUST00231,58,516273,2293797,23,637,5,8310,6813131,4311534,43022,Salaried,Single,Graduate,Owned,Car,1
CUST00232,22,819092,757958,18,491,5,3509,9863216,3638346,68257,Salaried,Divorced,High School,Rented,Business,1
CUST00233,54,1506926,4279015,2,361,4,178292,8475474,6553599,125577,Unemployed,Married,Post-Graduate,Rented,Personal,1
CUST00234,43,510991,3895001,22,556,3,14753,5878252,347592,42582,Salaried,Divorced,Doctorate,Mortgaged,Business,1
CUST00235,52,1220796,4051331,11,691,0,30691,498512,742048,101733,Salaried,Single,High School,Rented,Car,0
CUST00236,50,421401,1031110,22,491,0,3905,9880913,3387103,35116,Unemployed,Married,Graduate,Rented,Education,0
CUST00237,40,1419667,122134,16,873,1,636,4551363,3155852,118305,Unemployed,Married,Post-Graduate,Owned,Home,0
CUST00238,35,199697,4557659,26,767,2,14607,2967666,4364774,16641,Salaried,Single,Graduate,Owned,Education,1
CUST00239,48,1816235,1480096,10,607,4,12334,8935628,5902380,151352,Salaried,Single,Post-Graduate,Owned,Personal,0
CUST00240,28,280179,3298531,28,860,2,9817,7489387,4700361,23348,Salaried,Single,Graduate,Rented,Medical,1
CUST00241,47,607831,4551710,25,559,0,15172,7521224,2059615,50652,Salaried,Widowed,Post-Graduate,Owned,Education,1
CUST00242,26,560407,229005,10,383,1,1908,2849755,2618332,46700,Salaried,Married,Doctorate,Rented,Medical,0
CUST00243,49,2102836,77093,14,321,5,458,9918896,6018631,175236,Self-Employed,Married,High School,Owned,Personal,1
CUST00244,49,275447,76877,16,862,5,400,4583389,1611741,22953,Business Owner,Married,Graduate,Mortgaged,Car,0
CUST00245,25,1158760,823812,23,875,2,2984,5360996,4033428,96563,Salaried,Married,Graduate,Mortgaged,Business,0
CUST00246,54,1539187,305706,20,743,4,1273,7534478,4310331,128265,Self-Employed,Married,High School,Owned,Education,0
CUST00247,39,1362589,4108905,25,361,4,13696,6633957,6002127,113549,Salaried,Married,Graduate,Owned,Home,1
CUST00248,55,1749679,3049329,11,476,5,23100,1805641,5714835,145806,Business Owner,Married,Doctorate,Owned,Business,1
CUST00249,23,2037288,4901231,15,324,5,27229,3094554,3717437,169774,Self-Employed,Single,High School,Mortgaged,Business,1
CUST00250,29,1075031,4017334,13,330,3,25752,3675737,2473316,89585,Business Owner,Divorced,Graduate,Owned,Home,1
CUST00251,43,2096311,4817780,27,447,2,14869,9480602,2943234,174692,Unemployed,Married,Post-Graduate,Rented,Business,0
CUST00252,30,897279,1230836,9,643,3,11396,7173608,3292721,74773,Salaried,Single,Graduate,Rented,Business,0
CUST00253,36,2463393,1474607,18,339,1,6826,3726721,1753513,205282,Salaried,Married,Graduate,Mortgaged,Medical,0
CUST00254,50,1335636,4254573,4,890,2,88636,7373751,5003259,111303,Salaried,Single,Doctorate,Rented,Car,0
CUST00255,28,1879631,1262169,25,573,3,4207,7411256,1667034,156635,Salaried,Widowed,Graduate,Rented,Personal,0
CUST00256,51,2206261,333298,12,458,3,2314,4002793,5189417,183855,Unemployed,Divorced,High School,Mortgaged,Personal,0
CUST00257,26,2012730,3362194,10,609,3,28018,4091088,6011926,167727,Salaried,Divorced,High School,Owned,Personal,0
CUST00258,29,2150159,4014771,17,774,2,19680,8953507,7694707,179179,Self-Employed,Single,Doctorate,Mortgaged,Personal,0
CUST00259,47,1410806,4842571,15,487,2,26903,5662007,951282,117567,Salaried,Single,Graduate,Owned,Personal,0
CUST00260,56,252166,4642587,25,328,0,15475,1580204,6077850,21013,Salaried,Single,Graduate,Rented,Personal,1
CUST00261,29,1308746,645141,16,330,3,3360,7225847,687858,109062,Salaried,Single,High School,Mortgaged,Medical,0
CUST00262,34,576521,3871936,15,811,3,21510,5936723,2697980,48043,Self-Employed,Single,Graduate,Rented,Personal,1
CUST00263,61,2239423,4238333,4,366,5,88298,5138448,1410330,186618,Self-Employed,Single,Doctorate,Rented,Home,1
CUST00264,64,706350,3505697,1,681,3,292141,7278531,1298273,58862,Salaried,Widowed,Graduate,Owned,Home,0
CUST00265,46,685964,4108008,12,530,2,28527,9080154,1402772,57163,Salaried,Single,Doctorate,Rented,Business,0
CUST00266,41,736060,4198002,29,766,0,12063,3371317,351505,61338,Self-Employed,Single,Graduate,Rented,Business,0
CUST00267,36,1660030,2260423,27,336,1,6976,4251079,6584860,138335,Salaried,Married,Graduate,Rented,Personal,0
CUST00268,48,1492396,248748,19,838,2,1091,1976001,489028,124366,Unemployed,Married,Post-Graduate,Rented,Car,0
CUST00269,47,2379776,2308162,19,718,2,10123,6506010,3188052,198314,Salaried,Married,Graduate,Rented,Medical,0
CUST00270,34,1128216,1048821,12,569,2,7283,4086867,5593300,94018,Salaried,Married,Graduate,Rented,Home,0
CUST00271,22,813353,612960,6,424,2,8513,3489388,7923107,67779,Salaried,Divorced,Post-Graduate,Owned,Education,1
CUST00272,28,265747,668372,1,886,4,55697,6995580,6829643,22145,Salaried,Married,Graduate,Rented,Car,0
CUST00273,63,166628,3502001,10,481,0,29183,4140751,1097690,13885,Salaried,Married,Graduate,Owned,Home,1
CUST00274,39,1027993,2547428,10,594,1,21228,4697242,7901909,85666,Salaried,Married,Doctorate,Mortgaged,Medical,0
CUST00275,42,2325670,2722201,6,536,0,37808,4456496,5228318,193805,Unemployed,Married,High School,Rented,Personal,0
CUST00276,42,1380819,3738681,8,438,1,38944,2659528,1436545,115068,Salaried,Single,Graduate,Owned,Car,0
CUST00277,55,2249836,2763925,1,549,4,230327,1345489,3589836,187486,Salaried,Married,High School,Rented,Personal,1
CUST00278,24,388928,3168558,18,390,0,14669,8289614,7343057,32410,Salaried,Single,Graduate,Mortgaged,Home,1
CUST00279,25,369304,475821,27,300,2,1468,1008064,3143345,30775,Salaried,Married,Graduate,Owned,Education,1
CUST00280,33,2108627,4263098,21,473,0,16917,3316300,1469102,175718,Self-Employed,Single,Post-Graduate,Owned,Personal,0
CUST00281,42,400843,2271464,13,367,5,14560,6708150,7000673,33403,Salaried,Single,High School,Owned,Education,1
CUST00282,50,272110,818304,13,548,4,5245,1399819,7623805,22675,Self-Employed,Single,Post-Graduate,Owned,Medical,1
CUST00283,43,1099617,4075975,9,817,1,37740,6589625,7804765,91634,Salaried,Married,Graduate,Mortgaged,Car,0
CUST00284,40,2323378,3686374,5,397,1,61439,7357353,7645681,193614,Unemployed,Single,Graduate,Mortgaged,Home,0
CUST00285,62,1770050,312478,18,300,0,1446,6662806,6982871,147504,Salaried,Married,Graduate,Owned,Personal,0
CUST00286,28,382915,1005555,17,366,2,4929,3119823,3635915,31909,Business Owner,Divorced,Post-Graduate,Rented,Business,1
CUST00287,46,2117257,127959,1,604,4,10663,295687,1538405,176438,Salaried,Single,Graduate,Owned,Education,1
CUST00288,45,2132401,1390255,13,464,3,8911,8884786,4937252,177700,Salaried,Married,Graduate,Rented,Home,0
CUST00289,42,2031636,544902,9,593,5,5045,3332813,1766383,169303,Business Owner,Single,Post-Graduate,Mortgaged,Business,0
CUST00290,56,2271234,3564028,5,317,2,59400,8069561,3785243,189269,Self-Employed,Single,Graduate,Rented,Education,0
CUST00291,33,713713,4902013,21,499,1,19452,2058317,5248591,59476,Self-Employed,Married,Graduate,Owned,Car,1
CUST00292,63,2451991,3759649,16,546,2,19581,1707863,7572639,204332,Salaried,Divorced,Post-Graduate,Rented,Personal,0
CUST00293,36,903636,3077140,19,558,1,13496,7803699,2312668,75303,Self-Employed,Single,Graduate,Mortgaged,Car,0
CUST00294,45,2034760,2571101,21,630,5,10202,9403346,2015311,169563,Business Owner,Married,High School,Owned,Business,1
CUST00295,44,1511506,319776,29,768,1,918,8620240,5877801,125958,Self-Employed,Single,Graduate,Owned,Car,0
CUST00296,58,1981772,397496,24,580,2,1380,7537337,51679,165147,Salaried,Married,High School,Owned,Personal,0
CUST00297,40,1625375,3100729,18,804,3,14355,2542135,4531365,135447,Self-Employed,Married,Graduate,Rented,Personal,0
CUST00298,34,1659835,71676,26,617,0,229,9140784,5967328,138319,Self-Employed,Married,Post-Graduate,Rented,Car,0
CUST00299,22,1598267,259635,14,456,2,1545,6711706,4407270,133188,Unemployed,Married,High School,Mortgaged,Education,0
